Student_ID,Gender,Age,Attendance_Percentage,Study_Hours,Previous_Grades,Parent_Education,Risk_Intervention_Level,Predicted_Exam_Score,Primary_Risk_Drivers,Action_Plan
STU1061,Male,18,89.42020172926641,6.048870228450903,66.83018877134165,High School,High,19,Predicted to fail exam (<60 score),Diagnostic test to identify learning gaps. Weekly progress review by subject teachers.
STU1745,Male,16,92.24679271929716,1.7076747661782157,47.25386274302224,High School,High,72,Low study hours (<2.5 hrs/day); Weak academic foundation (Previous grade <60),Enroll in supervised study hall (2 hours/week). Provide study planning guide. | Provide remedial tutoring in core subjects. Assign peer study group.
STU1218,Female,17,92.45418867019148,1.1441076807083874,48.22507655335463,Associate's,High,74,Low study hours (<2.5 hrs/day); Weak academic foundation (Previous grade <60),Enroll in supervised study hall (2 hours/week). Provide study planning guide. | Provide remedial tutoring in core subjects. Assign peer study group.
STU1939,Male,16,91.1744525427358,2.0264466968660444,42.05151139461042,High School,High,75,Low study hours (<2.5 hrs/day); Weak academic foundation (Previous grade <60),Enroll in supervised study hall (2 hours/week). Provide study planning guide. | Provide remedial tutoring in core subjects. Assign peer study group.
STU1940,Female,15,88.51037238155047,1.8353658105517567,40.0,Associate's,High,75,Low study hours (<2.5 hrs/day); Weak academic foundation (Previous grade <60),Enroll in supervised study hall (2 hours/week). Provide study planning guide. | Provide remedial tutoring in core subjects. Assign peer study group.
STU1102,Female,18,81.79356606042307,1.934109025355739,53.36060096967624,Associate's,High,76,Borderline attendance (75%-85%); Low study hours (<2.5 hrs/day); Weak academic foundation (Previous grade <60),Counselor check-in to identify attendance obstacles. Attendance target set. | Enroll in supervised study hall (2 hours/week). Provide study planning guide. | Provide remedial tutoring in core subjects. Assign peer study group.
STU1865,Male,18,83.41078748383498,1.773951342061447,50.90587860720828,Associate's,High,76,Borderline attendance (75%-85%); Low study hours (<2.5 hrs/day); Weak academic foundation (Previous grade <60),Counselor check-in to identify attendance obstacles. Attendance target set. | Enroll in supervised study hall (2 hours/week). Provide study planning guide. | Provide remedial tutoring in core subjects. Assign peer study group.
STU1974,Male,16,84.85912006564917,1.6045000005119576,75.54231674050104,Bachelor's,Medium,77,Borderline attendance (75%-85%); Low study hours (<2.5 hrs/day),Counselor check-in to identify attendance obstacles. Attendance target set. | Enroll in supervised study hall (2 hours/week). Provide study planning guide.
STU1274,Female,15,92.43005573780223,1.069466792974529,60.78135968743956,High School,Medium,77,Low study hours (<2.5 hrs/day),Enroll in supervised study hall (2 hours/week). Provide study planning guide.
STU1077,Female,16,91.17613744798987,3.2819627188697966,48.882540726485416,High School,High,78,Weak academic foundation (Previous grade <60),Provide remedial tutoring in core subjects. Assign peer study group.
STU1986,Female,15,92.79181039067808,1.5844539064212997,47.84510347327972,Associate's,High,78,Low study hours (<2.5 hrs/day); Weak academic foundation (Previous grade <60),Enroll in supervised study hall (2 hours/week). Provide study planning guide. | Provide remedial tutoring in core subjects. Assign peer study group.
STU1890,Male,18,88.50164709576458,1.0,55.01074784333012,High School,Medium,78,Low study hours (<2.5 hrs/day); Weak academic foundation (Previous grade <60),Enroll in supervised study hall (2 hours/week). Provide study planning guide. | Provide remedial tutoring in core subjects. Assign peer study group.
STU1643,Male,16,87.02032997279633,1.667131064708412,60.54651584816696,Associate's,Medium,78,Low study hours (<2.5 hrs/day),Enroll in supervised study hall (2 hours/week). Provide study planning guide.
STU1919,Female,16,75.83402154248353,1.5795605884130448,69.11639033822102,High School,Medium,78,Borderline attendance (75%-85%); Low study hours (<2.5 hrs/day),Counselor check-in to identify attendance obstacles. Attendance target set. | Enroll in supervised study hall (2 hours/week). Provide study planning guide.
STU1450,Male,17,97.65310469256804,1.0,54.91207380364786,High School,High,78,Low study hours (<2.5 hrs/day); Weak academic foundation (Previous grade <60),Enroll in supervised study hall (2 hours/week). Provide study planning guide. | Provide remedial tutoring in core subjects. Assign peer study group.
STU1089,Female,18,88.1269796468791,1.7240708627635877,55.5777582872974,High School,Medium,79,Low study hours (<2.5 hrs/day); Weak academic foundation (Previous grade <60),Enroll in supervised study hall (2 hours/week). Provide study planning guide. | Provide remedial tutoring in core subjects. Assign peer study group.
STU1770,Female,16,98.32486777752072,1.2444518514613494,59.98053761411522,High School,Medium,79,Low study hours (<2.5 hrs/day); Weak academic foundation (Previous grade <60),Enroll in supervised study hall (2 hours/week). Provide study planning guide. | Provide remedial tutoring in core subjects. Assign peer study group.
STU1900,Male,17,79.44825140135168,1.0,69.74356456935998,Bachelor's,Medium,79,Borderline attendance (75%-85%); Low study hours (<2.5 hrs/day),Counselor check-in to identify attendance obstacles. Attendance target set. | Enroll in supervised study hall (2 hours/week). Provide study planning guide.
STU1696,Female,15,83.3032948349243,3.76399112542207,47.39040172807022,Associate's,High,79,Borderline attendance (75%-85%); Weak academic foundation (Previous grade <60),Counselor check-in to identify attendance obstacles. Attendance target set. | Provide remedial tutoring in core subjects. Assign peer study group.
STU1387,Male,17,91.61646446985468,2.049893560131576,47.24385826199021,Associate's,High,79,Low study hours (<2.5 hrs/day); Weak academic foundation (Previous grade <60),Enroll in supervised study hall (2 hours/week). Provide study planning guide. | Provide remedial tutoring in core subjects. Assign peer study group.
STU1169,Male,15,94.89626030333116,1.8533557144993345,50.72151110653144,High School,High,79,Low study hours (<2.5 hrs/day); Weak academic foundation (Previous grade <60),Enroll in supervised study hall (2 hours/week). Provide study planning guide. | Provide remedial tutoring in core subjects. Assign peer study group.
STU1318,Male,17,88.42233030477463,1.7012310425752788,58.952871788707775,High School,Medium,79,Low study hours (<2.5 hrs/day); Weak academic foundation (Previous grade <60),Enroll in supervised study hall (2 hours/week). Provide study planning guide. | Provide remedial tutoring in core subjects. Assign peer study group.
STU1482,Female,15,87.27427798228933,2.190792440263535,62.146083501655966,Associate's,Medium,80,Low study hours (<2.5 hrs/day),Enroll in supervised study hall (2 hours/week). Provide study planning guide.
STU1507,Female,16,86.15552544143722,1.538066782292744,46.03436398381166,Master's,High,80,Low study hours (<2.5 hrs/day); Weak academic foundation (Previous grade <60),Enroll in supervised study hall (2 hours/week). Provide study planning guide. | Provide remedial tutoring in core subjects. Assign peer study group.
STU1703,Male,16,83.2991049031103,2.79723734927406,53.44689215635593,High School,High,80,Borderline attendance (75%-85%); Weak academic foundation (Previous grade <60),Counselor check-in to identify attendance obstacles. Attendance target set. | Provide remedial tutoring in core subjects. Assign peer study group.
STU1439,Female,15,85.26555288228268,2.4889816492977124,51.53338090920474,Associate's,High,80,Low study hours (<2.5 hrs/day); Weak academic foundation (Previous grade <60),Enroll in supervised study hall (2 hours/week). Provide study planning guide. | Provide remedial tutoring in core subjects. Assign peer study group.
STU1588,Male,16,90.19069055813289,1.7264851176157978,58.28885676615285,High School,Medium,81,Low study hours (<2.5 hrs/day); Weak academic foundation (Previous grade <60),Enroll in supervised study hall (2 hours/week). Provide study planning guide. | Provide remedial tutoring in core subjects. Assign peer study group.
STU1682,Male,18,92.32630576837438,3.940533110733844,47.36550695580918,Associate's,High,81,Weak academic foundation (Previous grade <60),Provide remedial tutoring in core subjects. Assign peer study group.
STU1541,Female,17,81.01875471415802,2.9272037669863167,55.62421591356743,High School,Medium,81,Borderline attendance (75%-85%); Weak academic foundation (Previous grade <60),Counselor check-in to identify attendance obstacles. Attendance target set. | Provide remedial tutoring in core subjects. Assign peer study group.
STU1348,Male,16,81.24862914189725,2.5466984137937447,59.90637202081795,High School,Medium,81,Borderline attendance (75%-85%); Weak academic foundation (Previous grade <60),Counselor check-in to identify attendance obstacles. Attendance target set. | Provide remedial tutoring in core subjects. Assign peer study group.
STU1815,Female,15,93.0919614859691,1.0,61.9750766112981,High School,Medium,81,Low study hours (<2.5 hrs/day),Enroll in supervised study hall (2 hours/week). Provide study planning guide.
STU1461,Male,16,79.0865121533214,2.019117833273012,63.651370506394976,High School,Medium,81,Borderline attendance (75%-85%); Low study hours (<2.5 hrs/day),Counselor check-in to identify attendance obstacles. Attendance target set. | Enroll in supervised study hall (2 hours/week). Provide study planning guide.
STU1195,Male,15,90.88137423015304,1.4799468737278478,59.635131153269306,High School,Medium,81,Low study hours (<2.5 hrs/day); Weak academic foundation (Previous grade <60),Enroll in supervised study hall (2 hours/week). Provide study planning guide. | Provide remedial tutoring in core subjects. Assign peer study group.
STU1822,Male,15,95.09234886145924,2.4116177794099403,46.75799889929399,High School,High,82,Low study hours (<2.5 hrs/day); Weak academic foundation (Previous grade <60),Enroll in supervised study hall (2 hours/week). Provide study planning guide. | Provide remedial tutoring in core subjects. Assign peer study group.
STU1629,Male,15,93.62078257915584,1.954760015816987,51.67801090997913,Bachelor's,High,82,Low study hours (<2.5 hrs/day); Weak academic foundation (Previous grade <60),Enroll in supervised study hall (2 hours/week). Provide study planning guide. | Provide remedial tutoring in core subjects. Assign peer study group.
STU1021,Female,17,77.73064624151053,3.039207913204678,61.97810874164991,High School,Medium,82,Borderline attendance (75%-85%),Counselor check-in to identify attendance obstacles. Attendance target set.
STU1159,Male,18,85.39601539126022,2.6785421079465648,52.17105131643835,High School,High,82,Weak academic foundation (Previous grade <60),Provide remedial tutoring in core subjects. Assign peer study group.
STU1949,Female,16,77.46488285260287,2.332729946700085,66.94230195082449,High School,Medium,82,Borderline attendance (75%-85%); Low study hours (<2.5 hrs/day),Counselor check-in to identify attendance obstacles. Attendance target set. | Enroll in supervised study hall (2 hours/week). Provide study planning guide.
STU1326,Female,16,92.47174526608764,2.028027108190241,55.33653582558019,Bachelor's,Medium,82,Low study hours (<2.5 hrs/day); Weak academic foundation (Previous grade <60),Enroll in supervised study hall (2 hours/week). Provide study planning guide. | Provide remedial tutoring in core subjects. Assign peer study group.
STU1675,Male,17,90.64909868308796,3.594050938316991,47.1884333509398,Master's,High,82,Weak academic foundation (Previous grade <60),Provide remedial tutoring in core subjects. Assign peer study group.
STU1944,Female,17,89.376771728816,2.6688473650727085,58.48286773340693,High School,Medium,82,Weak academic foundation (Previous grade <60),Provide remedial tutoring in core subjects. Assign peer study group.
STU1831,Male,18,80.10332814094247,3.214148212537987,60.17027404229432,Bachelor's,Medium,83,Borderline attendance (75%-85%),Counselor check-in to identify attendance obstacles. Attendance target set.
STU1206,Male,17,87.13975255424074,2.247684879891624,64.33905097596553,High School,Medium,83,Low study hours (<2.5 hrs/day),Enroll in supervised study hall (2 hours/week). Provide study planning guide.
STU1289,Male,15,90.3011342640066,2.626145960594216,57.48225363530506,High School,Medium,83,Weak academic foundation (Previous grade <60),Provide remedial tutoring in core subjects. Assign peer study group.
STU1776,Male,16,86.15797799033157,3.7409186509157695,46.09989699733043,Associate's,High,83,Weak academic foundation (Previous grade <60),Provide remedial tutoring in core subjects. Assign peer study group.
STU1683,Male,17,92.63941211239656,1.4297610355034271,57.82996899609438,Bachelor's,Medium,83,Low study hours (<2.5 hrs/day); Weak academic foundation (Previous grade <60),Enroll in supervised study hall (2 hours/week). Provide study planning guide. | Provide remedial tutoring in core subjects. Assign peer study group.
STU1138,Female,16,93.86695215298424,1.0,56.90376106480395,Associate's,Medium,83,Low study hours (<2.5 hrs/day); Weak academic foundation (Previous grade <60),Enroll in supervised study hall (2 hours/week). Provide study planning guide. | Provide remedial tutoring in core subjects. Assign peer study group.
STU1698,Female,15,87.96049305473635,2.5545346424186746,56.030288857656,High School,Medium,83,Weak academic foundation (Previous grade <60),Provide remedial tutoring in core subjects. Assign peer study group.
STU1562,Male,15,99.0387896206736,1.55898203835526,47.409530756113895,Bachelor's,High,83,Low study hours (<2.5 hrs/day); Weak academic foundation (Previous grade <60),Enroll in supervised study hall (2 hours/week). Provide study planning guide. | Provide remedial tutoring in core subjects. Assign peer study group.
STU1535,Female,16,92.72054183457446,2.315395923056104,57.36856337008725,Associate's,Medium,83,Low study hours (<2.5 hrs/day); Weak academic foundation (Previous grade <60),Enroll in supervised study hall (2 hours/week). Provide study planning guide. | Provide remedial tutoring in core subjects. Assign peer study group.
STU1470,Female,17,85.25761759669484,2.27996087919991,63.24474763558001,High School,Medium,83,Low study hours (<2.5 hrs/day),Enroll in supervised study hall (2 hours/week). Provide study planning guide.
STU1574,Female,18,90.21317956488852,3.6449647402840113,44.84223851093827,High School,High,83,Weak academic foundation (Previous grade <60),Provide remedial tutoring in core subjects. Assign peer study group.
STU1799,Female,15,87.44310516159081,2.6882268496107824,50.93574516815803,Associate's,High,83,Weak academic foundation (Previous grade <60),Provide remedial tutoring in core subjects. Assign peer study group.
STU1592,Female,18,91.06176403213728,3.2495715934490264,51.18431597362171,Associate's,High,84,Weak academic foundation (Previous grade <60),Provide remedial tutoring in core subjects. Assign peer study group.
STU1205,Female,16,96.21669221470748,2.5885300596756933,49.30291329780112,Associate's,High,84,Weak academic foundation (Previous grade <60),Provide remedial tutoring in core subjects. Assign peer study group.
STU1062,Male,18,84.45134871838611,1.722208239401819,68.01498303990965,Associate's,Medium,84,Borderline attendance (75%-85%); Low study hours (<2.5 hrs/day),Counselor check-in to identify attendance obstacles. Attendance target set. | Enroll in supervised study hall (2 hours/week). Provide study planning guide.
STU1084,Male,18,84.15664177682034,2.597432268269933,52.44320201704565,High School,High,84,Borderline attendance (75%-85%); Weak academic foundation (Previous grade <60),Counselor check-in to identify attendance obstacles. Attendance target set. | Provide remedial tutoring in core subjects. Assign peer study group.
STU1464,Female,17,81.28180677247255,1.6976350386832355,81.6871326760277,Associate's,Medium,84,Borderline attendance (75%-85%); Low study hours (<2.5 hrs/day),Counselor check-in to identify attendance obstacles. Attendance target set. | Enroll in supervised study hall (2 hours/week). Provide study planning guide.
STU1131,Male,17,95.26575153034864,1.3212266715091725,59.67581294126066,High School,Medium,84,Low study hours (<2.5 hrs/day); Weak academic foundation (Previous grade <60),Enroll in supervised study hall (2 hours/week). Provide study planning guide. | Provide remedial tutoring in core subjects. Assign peer study group.
STU1035,Female,15,83.4946488573807,4.033037069109636,66.01258651528899,High School,Medium,84,Borderline attendance (75%-85%),Counselor check-in to identify attendance obstacles. Attendance target set.
STU1867,Male,15,90.92778729306954,3.32988421728986,40.0,High School,High,84,Weak academic foundation (Previous grade <60),Provide remedial tutoring in core subjects. Assign peer study group.
STU1899,Male,16,93.90457235900368,2.648230361256836,47.8855193379424,Associate's,High,84,Weak academic foundation (Previous grade <60),Provide remedial tutoring in core subjects. Assign peer study group.
STU1192,Female,16,90.39975965380005,1.0,62.669602512541736,Associate's,Medium,84,Low study hours (<2.5 hrs/day),Enroll in supervised study hall (2 hours/week). Provide study planning guide.
STU1530,Female,16,92.35537054942624,2.280145743164666,61.55254772248938,Associate's,Medium,84,Low study hours (<2.5 hrs/day),Enroll in supervised study hall (2 hours/week). Provide study planning guide.
STU1118,Male,18,90.47031252735472,2.918008018215632,53.85855424837277,High School,High,84,Weak academic foundation (Previous grade <60),Provide remedial tutoring in core subjects. Assign peer study group.
STU1686,Female,18,89.69062833776428,2.5828354420747868,53.727425882513934,Bachelor's,High,84,Weak academic foundation (Previous grade <60),Provide remedial tutoring in core subjects. Assign peer study group.
STU1957,Female,17,93.59381763966856,1.3641310120851051,64.15587535502331,High School,Medium,84,Low study hours (<2.5 hrs/day),Enroll in supervised study hall (2 hours/week). Provide study planning guide.
STU1804,Female,16,92.29345348091704,2.32635290470613,62.11772859771627,High School,Medium,85,Low study hours (<2.5 hrs/day),Enroll in supervised study hall (2 hours/week). Provide study planning guide.
STU1706,Female,15,81.7721708563827,2.962521827783787,62.74638039319647,High School,Medium,85,Borderline attendance (75%-85%),Counselor check-in to identify attendance obstacles. Attendance target set.
STU1196,Male,18,97.93996836438478,2.9284794298341392,57.7375745524668,High School,Medium,85,Weak academic foundation (Previous grade <60),Provide remedial tutoring in core subjects. Assign peer study group.
STU1561,Female,16,92.42565592588652,3.136423858078571,56.36907025255756,High School,Medium,85,Weak academic foundation (Previous grade <60),Provide remedial tutoring in core subjects. Assign peer study group.
STU1803,Female,16,84.71958426864754,1.1119847846633877,74.62333783841646,High School,Medium,85,Borderline attendance (75%-85%); Low study hours (<2.5 hrs/day),Counselor check-in to identify attendance obstacles. Attendance target set. | Enroll in supervised study hall (2 hours/week). Provide study planning guide.
STU1625,Female,15,90.57181613626857,1.7090108488903115,63.87463264943359,Associate's,Medium,85,Low study hours (<2.5 hrs/day),Enroll in supervised study hall (2 hours/week). Provide study planning guide.
STU1385,Female,17,87.10971979992084,2.768761467789026,60.545408270106265,Associate's,Medium,85,None identified,Maintain current study routines. Continue participation in extra-curricular activities.
STU1479,Female,17,85.52038877602337,1.0,59.3194866196413,Bachelor's,Medium,85,Low study hours (<2.5 hrs/day); Weak academic foundation (Previous grade <60),Enroll in supervised study hall (2 hours/week). Provide study planning guide. | Provide remedial tutoring in core subjects. Assign peer study group.
STU1521,Female,15,93.36491851677908,2.7259282774373483,40.0,Associate's,High,85,Weak academic foundation (Previous grade <60),Provide remedial tutoring in core subjects. Assign peer study group.
STU1219,Female,17,78.7773911610018,2.911916759569525,66.67908392137741,Master's,Medium,85,Borderline attendance (75%-85%),Counselor check-in to identify attendance obstacles. Attendance target set.
STU1693,Female,16,83.37173712237411,3.8018843093388224,60.90921581616968,High School,Medium,85,Borderline attendance (75%-85%),Counselor check-in to identify attendance obstacles. Attendance target set.
STU1072,Male,15,91.09733598567789,1.3404799309253277,63.63259583436224,Associate's,Medium,85,Low study hours (<2.5 hrs/day),Enroll in supervised study hall (2 hours/week). Provide study planning guide.
STU1022,Male,16,94.52108606100356,2.264262249814162,58.48663229065512,Bachelor's,Medium,85,Low study hours (<2.5 hrs/day); Weak academic foundation (Previous grade <60),Enroll in supervised study hall (2 hours/week). Provide study planning guide. | Provide remedial tutoring in core subjects. Assign peer study group.
STU1086,Male,16,88.49465396264999,1.3241406085765757,49.09132379578638,Master's,High,85,Low study hours (<2.5 hrs/day); Weak academic foundation (Previous grade <60),Enroll in supervised study hall (2 hours/week). Provide study planning guide. | Provide remedial tutoring in core subjects. Assign peer study group.
STU1515,Male,15,92.60638321097852,3.614548666149884,44.66924871781099,Master's,High,85,Weak academic foundation (Previous grade <60),Provide remedial tutoring in core subjects. Assign peer study group.
STU1768,Female,16,81.86146760767397,1.061326281039797,80.17247515253426,High School,Medium,85,Borderline attendance (75%-85%); Low study hours (<2.5 hrs/day),Counselor check-in to identify attendance obstacles. Attendance target set. | Enroll in supervised study hall (2 hours/week). Provide study planning guide.
STU1657,Male,16,95.4965431482998,2.1336746651293703,58.27024227566972,High School,Medium,85,Low study hours (<2.5 hrs/day); Weak academic foundation (Previous grade <60),Enroll in supervised study hall (2 hours/week). Provide study planning guide. | Provide remedial tutoring in core subjects. Assign peer study group.
STU1612,Female,17,84.53948412251304,3.2420154217392043,54.55441739104473,High School,High,85,Borderline attendance (75%-85%); Weak academic foundation (Previous grade <60),Counselor check-in to identify attendance obstacles. Attendance target set. | Provide remedial tutoring in core subjects. Assign peer study group.
STU1729,Male,17,92.61654825329616,3.277622983074532,60.262939485018606,High School,Medium,85,None identified,Maintain current study routines. Continue participation in extra-curricular activities.
STU1857,Male,17,89.12402724069926,2.513452581677182,60.21014252520864,High School,Medium,86,None identified,Maintain current study routines. Continue participation in extra-curricular activities.
STU1978,Male,16,89.55701081936854,2.487895594929079,60.67046932245096,Bachelor's,Medium,86,Low study hours (<2.5 hrs/day),Enroll in supervised study hall (2 hours/week). Provide study planning guide.
STU1182,Male,16,95.73221522843956,2.931073962796093,44.47270098184174,Master's,High,86,Weak academic foundation (Previous grade <60),Provide remedial tutoring in core subjects. Assign peer study group.
STU1176,Male,16,92.96781881925486,3.2519889386264644,52.17698180169856,High School,High,86,Weak academic foundation (Previous grade <60),Provide remedial tutoring in core subjects. Assign peer study group.
STU1934,Female,17,91.47618390566288,2.744451314702474,55.986551026165,Bachelor's,Medium,86,Weak academic foundation (Previous grade <60),Provide remedial tutoring in core subjects. Assign peer study group.
STU1354,Male,17,89.96259312962667,3.342074684971816,56.980756890423066,Bachelor's,Medium,86,Weak academic foundation (Previous grade <60),Provide remedial tutoring in core subjects. Assign peer study group.
STU1040,Male,16,94.75970475834212,1.9307981989401333,62.98493287566392,Associate's,Medium,86,Low study hours (<2.5 hrs/day),Enroll in supervised study hall (2 hours/week). Provide study planning guide.
STU1170,Female,16,97.74371728836944,2.6492684695588657,63.417017774188906,High School,Medium,86,None identified,Maintain current study routines. Continue participation in extra-curricular activities.
STU1863,Female,15,86.05286500205817,3.650959039570171,57.80621397234853,Associate's,Medium,86,Weak academic foundation (Previous grade <60),Provide remedial tutoring in core subjects. Assign peer study group.
STU1730,Male,17,97.24607266787248,1.0,63.2443962559781,Bachelor's,Medium,86,Low study hours (<2.5 hrs/day),Enroll in supervised study hall (2 hours/week). Provide study planning guide.
STU1666,Male,18,93.1829572026838,3.450932815201013,61.515973296928486,High School,Medium,86,None identified,Maintain current study routines. Continue participation in extra-curricular activities.
STU1330,Male,16,79.57161201176228,4.516224047093267,56.094012384051766,High School,Medium,86,Borderline attendance (75%-85%); Weak academic foundation (Previous grade <60),Counselor check-in to identify attendance obstacles. Attendance target set. | Provide remedial tutoring in core subjects. Assign peer study group.
STU1536,Female,15,93.7590705542609,1.3896458624348926,62.37765387794302,Associate's,Medium,86,Low study hours (<2.5 hrs/day),Enroll in supervised study hall (2 hours/week). Provide study planning guide.
STU1208,Female,16,90.714446803192,3.5767959748079114,63.60835873076992,High School,Medium,86,None identified,Maintain current study routines. Continue participation in extra-curricular activities.
STU1145,Male,16,89.96045252918543,3.888549237666301,47.84399241228383,High School,High,86,Weak academic foundation (Previous grade <60),Provide remedial tutoring in core subjects. Assign peer study group.
STU1405,Male,17,93.66874528975396,3.2008266697828525,57.31719377429987,High School,Medium,86,Weak academic foundation (Previous grade <60),Provide remedial tutoring in core subjects. Assign peer study group.
STU1816,Female,18,94.36975768577496,4.986503729198465,51.32927910297036,High School,High,86,Weak academic foundation (Previous grade <60),Provide remedial tutoring in core subjects. Assign peer study group.
STU1824,Male,17,96.4289634084147,3.10398980522866,48.323820000181925,High School,High,86,Weak academic foundation (Previous grade <60),Provide remedial tutoring in core subjects. Assign peer study group.
STU1199,Female,17,91.05858733443829,3.6627170145709913,62.62194644071268,High School,Medium,86,None identified,Maintain current study routines. Continue participation in extra-curricular activities.
STU1681,Female,16,82.15753058431193,3.698027876857268,53.86735159304561,Associate's,High,86,Borderline attendance (75%-85%); Weak academic foundation (Previous grade <60),Counselor check-in to identify attendance obstacles. Attendance target set. | Provide remedial tutoring in core subjects. Assign peer study group.
STU1301,Male,15,94.10959798922234,3.0982333856634234,47.93308592496311,Bachelor's,High,87,Weak academic foundation (Previous grade <60),Provide remedial tutoring in core subjects. Assign peer study group.
STU1669,Male,15,99.226713146102,2.8712106857330184,58.5455840779338,High School,Medium,87,Weak academic foundation (Previous grade <60),Provide remedial tutoring in core subjects. Assign peer study group.
STU1353,Female,16,96.23188036063718,1.1933132794616244,62.47125291556774,Associate's,Medium,87,Low study hours (<2.5 hrs/day),Enroll in supervised study hall (2 hours/week). Provide study planning guide.
STU1106,Male,15,91.25918058821505,3.3639267273113784,48.85582278164589,Bachelor's,High,87,Weak academic foundation (Previous grade <60),Provide remedial tutoring in core subjects. Assign peer study group.
STU1577,Male,15,95.82785969603071,2.794007679646972,53.69258486042101,Associate's,High,87,Weak academic foundation (Previous grade <60),Provide remedial tutoring in core subjects. Assign peer study group.
STU1129,Male,16,81.37893871843315,4.057087762861932,60.21272095826216,Associate's,Medium,87,Borderline attendance (75%-85%),Counselor check-in to identify attendance obstacles. Attendance target set.
STU1136,Male,15,91.3480663271662,1.443589339036626,63.6004159675136,Bachelor's,Medium,87,Low study hours (<2.5 hrs/day),Enroll in supervised study hall (2 hours/week). Provide study planning guide.
STU1722,Male,15,91.39203925745346,3.137936275840934,58.42313267837955,Associate's,Medium,87,Weak academic foundation (Previous grade <60),Provide remedial tutoring in core subjects. Assign peer study group.
STU1671,Male,16,81.79095797485303,3.4264362533431783,73.29297761551281,High School,Medium,87,Borderline attendance (75%-85%),Counselor check-in to identify attendance obstacles. Attendance target set.
STU1563,Male,17,84.50840808365186,3.627565972831492,67.4129730291375,High School,Medium,87,Borderline attendance (75%-85%),Counselor check-in to identify attendance obstacles. Attendance target set.
STU1293,Female,16,97.69824322759548,2.093181775008607,62.2490906122703,Associate's,Medium,87,Low study hours (<2.5 hrs/day),Enroll in supervised study hall (2 hours/week). Provide study planning guide.
STU1120,Female,15,90.33165266140264,1.870852688547532,64.83804974261145,Master's,Medium,87,Low study hours (<2.5 hrs/day),Enroll in supervised study hall (2 hours/week). Provide study planning guide.
STU1265,Female,15,90.99891703944893,2.446526468464904,60.80564265847688,Associate's,Medium,87,Low study hours (<2.5 hrs/day),Enroll in supervised study hall (2 hours/week). Provide study planning guide.
STU1317,Male,16,88.58587970139064,2.999999784805585,60.63085145927188,Bachelor's,Medium,87,None identified,Maintain current study routines. Continue participation in extra-curricular activities.
STU1435,Male,15,94.82809670933348,2.7008333021022515,51.41856054366365,High School,High,87,Weak academic foundation (Previous grade <60),Provide remedial tutoring in core subjects. Assign peer study group.
STU1009,Female,15,95.02847829137852,3.0679083720230147,63.67750932645377,Associate's,Medium,87,None identified,Maintain current study routines. Continue participation in extra-curricular activities.
STU1678,Male,16,89.221224038119,4.179603662269493,50.81485562969152,High School,High,88,Weak academic foundation (Previous grade <60),Provide remedial tutoring in core subjects. Assign peer study group.
STU1532,Female,17,93.14343350112556,4.3729522269155305,53.62391263250199,Associate's,High,88,Weak academic foundation (Previous grade <60),Provide remedial tutoring in core subjects. Assign peer study group.
STU1661,Male,17,94.4422194867256,3.031788526231605,61.34573151027352,High School,Medium,88,None identified,Maintain current study routines. Continue participation in extra-curricular activities.
STU1396,Female,17,97.18835597145436,2.63647162852196,64.59506148947476,Associate's,Medium,88,None identified,Maintain current study routines. Continue participation in extra-curricular activities.
STU1269,Male,17,97.0006236233816,3.2241475794574,63.66262230317801,Associate's,Medium,88,None identified,Maintain current study routines. Continue participation in extra-curricular activities.
STU1985,Female,15,92.76789016159186,3.037208633849567,61.84185786667667,Associate's,Medium,88,None identified,Maintain current study routines. Continue participation in extra-curricular activities.
STU1603,Male,15,84.70149105436407,2.693712949306444,63.14932842423633,Bachelor's,Medium,88,Borderline attendance (75%-85%),Counselor check-in to identify attendance obstacles. Attendance target set.
STU1351,Female,18,84.0736661476449,3.743654286012677,75.34694838098332,High School,Medium,88,Borderline attendance (75%-85%),Counselor check-in to identify attendance obstacles. Attendance target set.
STU1178,Male,15,83.80887431661247,3.153369118608974,65.98236691969831,Master's,Medium,88,Borderline attendance (75%-85%),Counselor check-in to identify attendance obstacles. Attendance target set.
STU1334,Male,18,89.48106116747982,1.951611507603824,58.23190180414405,Master's,Medium,88,Low study hours (<2.5 hrs/day); Weak academic foundation (Previous grade <60),Enroll in supervised study hall (2 hours/week). Provide study planning guide. | Provide remedial tutoring in core subjects. Assign peer study group.
STU1558,Male,16,98.56098789616551,2.680836896504566,56.99969360659141,Associate's,Medium,88,Weak academic foundation (Previous grade <60),Provide remedial tutoring in core subjects. Assign peer study group.
STU1477,Male,17,92.83429968024132,3.271042390216672,60.96447673874931,High School,Medium,88,None identified,Maintain current study routines. Continue participation in extra-curricular activities.
STU1626,Male,17,84.71726369139466,4.140604195659163,63.91294346804351,High School,Medium,88,Borderline attendance (75%-85%),Counselor check-in to identify attendance obstacles. Attendance target set.
STU1989,Male,16,97.16139943349452,1.0,63.20519029809867,Associate's,Medium,88,Low study hours (<2.5 hrs/day),Enroll in supervised study hall (2 hours/week). Provide study planning guide.
STU1956,Male,18,87.91991175053076,3.5546448839861173,61.67344112941645,Bachelor's,Medium,88,None identified,Maintain current study routines. Continue participation in extra-curricular activities.
STU1146,Male,18,96.84042157118895,2.5017548041406177,49.56116780500305,Master's,High,88,Weak academic foundation (Previous grade <60),Provide remedial tutoring in core subjects. Assign peer study group.
STU1917,Male,18,91.23760413929526,3.6979960698652494,46.8976308653896,High School,High,88,Weak academic foundation (Previous grade <60),Provide remedial tutoring in core subjects. Assign peer study group.
STU1148,Female,17,97.67957154960168,2.759339794728069,61.15373349657196,Associate's,Medium,88,None identified,Maintain current study routines. Continue participation in extra-curricular activities.
STU1389,Female,18,88.07798529454749,2.860462516663087,56.757217931669445,Associate's,Medium,88,Weak academic foundation (Previous grade <60),Provide remedial tutoring in core subjects. Assign peer study group.
STU1545,Female,18,92.55671906135294,4.157942097202646,60.54485220853283,High School,Medium,88,None identified,Maintain current study routines. Continue participation in extra-curricular activities.
STU1970,Male,15,92.8101320404304,2.191087690030741,63.46006153708433,Bachelor's,Medium,88,Low study hours (<2.5 hrs/day),Enroll in supervised study hall (2 hours/week). Provide study planning guide.
STU1004,Female,17,78.74154712932965,4.039382309453886,69.75559645350334,Associate's,Medium,89,Borderline attendance (75%-85%),Counselor check-in to identify attendance obstacles. Attendance target set.
STU1459,Male,15,83.60574430888818,5.467145866240239,60.13515217896218,Bachelor's,Medium,89,Borderline attendance (75%-85%),Counselor check-in to identify attendance obstacles. Attendance target set.
STU1941,Male,15,94.73525521385343,2.4212408182568788,57.85596916442974,Associate's,Medium,89,Low study hours (<2.5 hrs/day); Weak academic foundation (Previous grade <60),Enroll in supervised study hall (2 hours/week). Provide study planning guide. | Provide remedial tutoring in core subjects. Assign peer study group.
STU1448,Female,17,84.2965912949914,2.717619683978689,61.61988428386989,Master's,Medium,89,Borderline attendance (75%-85%),Counselor check-in to identify attendance obstacles. Attendance target set.
STU1599,Male,15,94.77625662422253,2.419340407098423,64.22584741912688,Associate's,Medium,89,Low study hours (<2.5 hrs/day),Enroll in supervised study hall (2 hours/week). Provide study planning guide.
STU1920,Male,16,96.94679434950218,2.2794294904064487,63.01232283275945,Associate's,Medium,89,Low study hours (<2.5 hrs/day),Enroll in supervised study hall (2 hours/week). Provide study planning guide.
STU1680,Female,17,92.1002372287392,2.8661431509215847,61.50432223022335,Bachelor's,Medium,89,None identified,Maintain current study routines. Continue participation in extra-curricular activities.
STU1889,Male,17,97.10807081872916,2.401215846293873,55.65366130340816,Master's,Medium,89,Low study hours (<2.5 hrs/day); Weak academic foundation (Previous grade <60),Enroll in supervised study hall (2 hours/week). Provide study planning guide. | Provide remedial tutoring in core subjects. Assign peer study group.
STU1894,Male,15,80.17625365780297,6.362670694851419,49.267413648889104,Master's,High,89,Borderline attendance (75%-85%); Weak academic foundation (Previous grade <60),Counselor check-in to identify attendance obstacles. Attendance target set. | Provide remedial tutoring in core subjects. Assign peer study group.
STU1673,Male,18,88.61323223813608,3.398666068116249,62.77538087377962,Bachelor's,Medium,89,None identified,Maintain current study routines. Continue participation in extra-curricular activities.
STU1243,Female,17,93.58654160839708,2.42300118196456,58.95629695619273,Master's,Medium,89,Low study hours (<2.5 hrs/day); Weak academic foundation (Previous grade <60),Enroll in supervised study hall (2 hours/week). Provide study planning guide. | Provide remedial tutoring in core subjects. Assign peer study group.
STU1188,Female,15,94.42848604988592,3.075307014729567,64.75224136071331,Associate's,Medium,89,None identified,Maintain current study routines. Continue participation in extra-curricular activities.
STU1630,Male,16,94.80870560436878,5.96752345526329,58.981454684683925,High School,Medium,89,Weak academic foundation (Previous grade <60),Provide remedial tutoring in core subjects. Assign peer study group.
STU1488,Male,17,87.44019823634333,3.1896208159395982,60.39742168843178,Master's,Medium,89,None identified,Maintain current study routines. Continue participation in extra-curricular activities.
STU1355,Male,16,98.31118201722008,3.745476515911635,60.26666146849379,High School,Medium,89,None identified,Maintain current study routines. Continue participation in extra-curricular activities.
STU1339,Male,15,92.61771681146396,3.888549237666301,59.11847106356765,High School,Medium,89,Weak academic foundation (Previous grade <60),Provide remedial tutoring in core subjects. Assign peer study group.
STU1121,Female,18,92.85815086313526,3.836042372316366,58.70576616532187,High School,Medium,90,Weak academic foundation (Previous grade <60),Provide remedial tutoring in core subjects. Assign peer study group.
STU1788,Male,17,82.55076339914729,4.6542739849205965,60.27314773542287,High School,Medium,90,Borderline attendance (75%-85%),Counselor check-in to identify attendance obstacles. Attendance target set.
STU1971,Female,15,95.54454878015146,2.542989338560064,63.63546358368693,Master's,Medium,90,None identified,Maintain current study routines. Continue participation in extra-curricular activities.
STU1653,Female,16,93.83310127827252,3.009508957703196,53.534431474092,Associate's,High,90,Weak academic foundation (Previous grade <60),Provide remedial tutoring in core subjects. Assign peer study group.
STU1740,Male,16,79.96850371880902,3.888549237666301,59.79739217342586,Associate's,Medium,90,Borderline attendance (75%-85%); Weak academic foundation (Previous grade <60),Counselor check-in to identify attendance obstacles. Attendance target set. | Provide remedial tutoring in core subjects. Assign peer study group.
STU1171,Female,17,94.04262462873167,3.358013038287264,63.669879169375776,Bachelor's,Medium,90,None identified,Maintain current study routines. Continue participation in extra-curricular activities.
STU1585,Female,18,95.20579898096416,2.942560902565348,60.79495516631884,Bachelor's,Medium,90,None identified,Maintain current study routines. Continue participation in extra-curricular activities.
STU1333,Male,15,91.37326936293036,3.53933660411301,63.07368733052501,Associate's,Medium,90,None identified,Maintain current study routines. Continue participation in extra-curricular activities.
STU1594,Male,15,78.01527227711141,2.6436940460029232,72.61894907431645,Associate's,Medium,90,Borderline attendance (75%-85%),Counselor check-in to identify attendance obstacles. Attendance target set.
STU1586,Male,15,92.55671906135294,1.579860481750701,63.30115161810248,Master's,Medium,90,Low study hours (<2.5 hrs/day),Enroll in supervised study hall (2 hours/week). Provide study planning guide.
STU1018,Female,16,82.82498074043302,2.6367150691661028,79.84599867674855,Bachelor's,Medium,90,Borderline attendance (75%-85%),Counselor check-in to identify attendance obstacles. Attendance target set.
STU1593,Male,15,93.52872301291794,6.394714115842171,58.529422913947,High School,Medium,90,Weak academic foundation (Previous grade <60),Provide remedial tutoring in core subjects. Assign peer study group.
STU1116,Female,16,95.43838622343554,3.551868555971949,60.790149515405496,High School,Medium,90,None identified,Maintain current study routines. Continue participation in extra-curricular activities.
STU1014,Male,15,96.46961059902917,3.0033187675459176,63.38514128508946,Master's,Medium,90,None identified,Maintain current study routines. Continue participation in extra-curricular activities.
STU1821,Female,15,90.36580973303828,2.4080283544781818,62.13197434376731,Master's,Medium,90,Low study hours (<2.5 hrs/day),Enroll in supervised study hall (2 hours/week). Provide study planning guide.
STU1906,Female,15,89.00766377718689,5.921699257712222,60.00421338822932,Bachelor's,Medium,90,None identified,Maintain current study routines. Continue participation in extra-curricular activities.
STU1245,Male,17,100.0,5.08907055659241,52.07866488103487,Associate's,High,90,Weak academic foundation (Previous grade <60),Provide remedial tutoring in core subjects. Assign peer study group.
STU1597,Female,16,88.99401813019728,3.480971098425516,64.92731286179469,High School,Medium,90,None identified,Maintain current study routines. Continue participation in extra-curricular activities.
STU1204,Female,16,83.59735925311685,2.436916465561346,86.2375324479639,High School,Medium,90,Borderline attendance (75%-85%); Low study hours (<2.5 hrs/day),Counselor check-in to identify attendance obstacles. Attendance target set. | Enroll in supervised study hall (2 hours/week). Provide study planning guide.
STU1359,Female,16,92.33185313080232,3.4443667040937203,62.72170837816046,Master's,Medium,90,None identified,Maintain current study routines. Continue participation in extra-curricular activities.
STU1094,Female,16,93.884670242749,5.28170080416916,40.0,Master's,High,91,Weak academic foundation (Previous grade <60),Provide remedial tutoring in core subjects. Assign peer study group.
STU1649,Female,17,96.56023407836508,2.9126997445008924,61.13052745677855,Bachelor's,Medium,91,None identified,Maintain current study routines. Continue participation in extra-curricular activities.
STU1383,Female,18,94.79657516713766,2.807673035759753,62.17995019996496,Associate's,Medium,91,None identified,Maintain current study routines. Continue participation in extra-curricular activities.
STU1502,Female,16,78.24058773378846,2.9012308157462403,88.38627576487426,Associate's,Medium,91,Borderline attendance (75%-85%),Counselor check-in to identify attendance obstacles. Attendance target set.
STU1032,Male,16,85.97760454966003,4.7558833979667785,59.14430006794831,Associate's,Medium,91,Weak academic foundation (Previous grade <60),Provide remedial tutoring in core subjects. Assign peer study group.
STU1335,Male,18,96.14416576291262,2.859291893139273,62.77270050127293,Master's,Medium,91,None identified,Maintain current study routines. Continue participation in extra-curricular activities.
STU1233,Female,15,97.91861189742951,3.2150231976234487,63.19748204283182,Bachelor's,Medium,91,None identified,Maintain current study routines. Continue participation in extra-curricular activities.
STU1346,Female,16,90.75995093133086,3.888549237666301,63.297075880346576,Bachelor's,Medium,91,None identified,Maintain current study routines. Continue participation in extra-curricular activities.
STU1394,Female,16,93.95162984780622,2.596613839459689,56.6608484489091,Bachelor's,Medium,91,Weak academic foundation (Previous grade <60),Provide remedial tutoring in core subjects. Assign peer study group.
STU1134,Male,15,93.27571125663336,4.25727799753878,52.05462343738272,Associate's,High,91,Weak academic foundation (Previous grade <60),Provide remedial tutoring in core subjects. Assign peer study group.
STU1259,Female,15,83.87076094331773,3.26542455716448,70.61508794160258,Master's,Medium,91,Borderline attendance (75%-85%),Counselor check-in to identify attendance obstacles. Attendance target set.
STU1623,Male,16,90.19565430973093,6.6694658601063335,55.95857758699584,Associate's,Medium,91,Weak academic foundation (Previous grade <60),Provide remedial tutoring in core subjects. Assign peer study group.
STU1422,Female,16,85.95099247305538,4.20421059152745,64.56436291300243,Associate's,Medium,91,None identified,Maintain current study routines. Continue participation in extra-curricular activities.
STU1190,Male,17,85.15377675295305,5.150935478668578,47.58381992766393,Bachelor's,High,91,Weak academic foundation (Previous grade <60),Provide remedial tutoring in core subjects. Assign peer study group.
STU1225,Male,16,82.86884076061634,3.9288606642805752,82.36285630962975,Bachelor's,Medium,92,Borderline attendance (75%-85%),Counselor check-in to identify attendance obstacles. Attendance target set.
STU1697,Male,15,78.66892209091512,4.961090507641677,63.81226713351443,Associate's,Medium,92,Borderline attendance (75%-85%),Counselor check-in to identify attendance obstacles. Attendance target set.
STU1587,Male,17,95.6859221356296,4.030016226166116,61.25344938339232,High School,Medium,92,None identified,Maintain current study routines. Continue participation in extra-curricular activities.
STU1497,Female,17,97.5072303422938,4.122049553572528,55.17364817092748,Associate's,Medium,92,Weak academic foundation (Previous grade <60),Provide remedial tutoring in core subjects. Assign peer study group.
STU1431,Male,16,95.1872213317238,1.5584790270529212,59.297180660921725,Master's,Medium,92,Low study hours (<2.5 hrs/day); Weak academic foundation (Previous grade <60),Enroll in supervised study hall (2 hours/week). Provide study planning guide. | Provide remedial tutoring in core subjects. Assign peer study group.
STU1519,Female,15,92.8373620607685,4.598421405243751,59.12333724451288,Bachelor's,Medium,92,Weak academic foundation (Previous grade <60),Provide remedial tutoring in core subjects. Assign peer study group.
STU1929,Female,17,94.32461403496328,3.969950637211425,51.04353024451584,Master's,High,92,Weak academic foundation (Previous grade <60),Provide remedial tutoring in core subjects. Assign peer study group.
STU1660,Female,16,96.77652255057392,3.6091095965966087,61.67391298679741,Bachelor's,Medium,92,None identified,Maintain current study routines. Continue participation in extra-curricular activities.
STU1337,Female,15,91.98325645750444,4.072523879543061,64.84075974109975,High School,Medium,92,None identified,Maintain current study routines. Continue participation in extra-curricular activities.
STU1755,Male,18,97.74141517906116,4.364043555063131,54.22263624416651,Associate's,High,92,Weak academic foundation (Previous grade <60),Provide remedial tutoring in core subjects. Assign peer study group.
STU1264,Female,16,91.4247324594963,4.967462624837184,60.03711647603532,Associate's,Medium,92,None identified,Maintain current study routines. Continue participation in extra-curricular activities.
STU1648,Female,17,96.4188576483774,3.9811954287107287,64.27877919563667,High School,Medium,92,None identified,Maintain current study routines. Continue participation in extra-curricular activities.
STU1977,Female,16,87.84656024019017,5.155257498594945,50.87684999303989,High School,High,92,Weak academic foundation (Previous grade <60),Provide remedial tutoring in core subjects. Assign peer study group.
STU1478,Female,17,90.3376975660746,3.888549237666301,59.73436507351653,Associate's,Medium,92,Weak academic foundation (Previous grade <60),Provide remedial tutoring in core subjects. Assign peer study group.
STU1838,Male,16,93.57875238454383,6.5123915299087285,59.8084840416652,High School,Medium,92,Weak academic foundation (Previous grade <60),Provide remedial tutoring in core subjects. Assign peer study group.
STU1844,Female,17,97.79337121167032,4.973698088994226,60.0012564930228,High School,Medium,93,None identified,Maintain current study routines. Continue participation in extra-curricular activities.
STU1236,Female,16,84.2664422831489,4.492624812256638,69.43587877356165,High School,Medium,93,Borderline attendance (75%-85%),Counselor check-in to identify attendance obstacles. Attendance target set.
STU1397,Female,16,91.47118035359436,4.5322905573552585,58.677734422170914,Bachelor's,Medium,93,Weak academic foundation (Previous grade <60),Provide remedial tutoring in core subjects. Assign peer study group.
STU1794,Female,17,95.41179129852868,3.888549237666301,64.35845878140532,High School,Medium,93,None identified,Maintain current study routines. Continue participation in extra-curricular activities.
STU1244,Male,17,88.42318558398821,5.012423984099819,52.51477977540507,Associate's,High,93,Weak academic foundation (Previous grade <60),Provide remedial tutoring in core subjects. Assign peer study group.
STU1447,Female,17,91.87066254491928,4.886238814529065,50.80081536703261,Master's,High,93,Weak academic foundation (Previous grade <60),Provide remedial tutoring in core subjects. Assign peer study group.
STU1096,Female,15,83.89412529614413,4.660870875038589,72.35993086431812,High School,Medium,93,Borderline attendance (75%-85%),Counselor check-in to identify attendance obstacles. Attendance target set.
STU1762,Male,17,94.08638036503616,3.888549237666301,59.3353653438992,Bachelor's,Medium,93,Weak academic foundation (Previous grade <60),Provide remedial tutoring in core subjects. Assign peer study group.
STU1791,Male,15,93.22330806515612,4.630742217768811,61.061880375877536,High School,Medium,93,None identified,Maintain current study routines. Continue participation in extra-curricular activities.
STU1732,Female,17,99.86752069045984,3.4315355892141444,61.13015784692589,Master's,Medium,93,None identified,Maintain current study routines. Continue participation in extra-curricular activities.
STU1052,Female,16,84.47288082834106,2.3127982872279835,77.25388519492287,Associate's,Medium,93,Borderline attendance (75%-85%); Low study hours (<2.5 hrs/day),Counselor check-in to identify attendance obstacles. Attendance target set. | Enroll in supervised study hall (2 hours/week). Provide study planning guide.
STU1175,Female,17,98.61473882467934,3.948186475186501,42.25634257046492,Master's,High,93,Weak academic foundation (Previous grade <60),Provide remedial tutoring in core subjects. Assign peer study group.
STU1124,Male,17,98.7408539787566,5.684045221352891,56.824978624825135,High School,Medium,93,Weak academic foundation (Previous grade <60),Provide remedial tutoring in core subjects. Assign peer study group.
STU1263,Male,16,93.28915669841432,2.324358192026456,62.7010015952728,Associate's,Medium,93,Low study hours (<2.5 hrs/day),Enroll in supervised study hall (2 hours/week). Provide study planning guide.
STU1367,Female,17,84.04964711738394,5.920785285507148,53.67217215098663,High School,High,93,Borderline attendance (75%-85%); Weak academic foundation (Previous grade <60),Counselor check-in to identify attendance obstacles. Attendance target set. | Provide remedial tutoring in core subjects. Assign peer study group.
STU1122,Female,18,95.30965876798714,5.153165972297864,49.5032606332631,Associate's,High,93,Weak academic foundation (Previous grade <60),Provide remedial tutoring in core subjects. Assign peer study group.
STU1853,Male,18,94.80993726370023,4.361395796891904,61.52420086379368,Associate's,Medium,93,None identified,Maintain current study routines. Continue participation in extra-curricular activities.
STU1525,Female,16,97.83068658023782,5.456412194416897,54.07883116758329,Associate's,High,93,Weak academic foundation (Previous grade <60),Provide remedial tutoring in core subjects. Assign peer study group.
STU1277,Female,15,83.73865491397633,3.68779301477071,84.44953324210766,High School,Medium,93,Borderline attendance (75%-85%),Counselor check-in to identify attendance obstacles. Attendance target set.
STU1248,Female,15,95.69291991779862,5.232928605455801,58.54983415721316,High School,Medium,94,Weak academic foundation (Previous grade <60),Provide remedial tutoring in core subjects. Assign peer study group.
STU1984,Male,16,90.62088585023972,5.296514875229501,63.25524728815173,High School,Medium,94,None identified,Maintain current study routines. Continue participation in extra-curricular activities.
STU1544,Female,16,97.34835906343817,5.9181174334941655,52.52701913612982,High School,High,94,Weak academic foundation (Previous grade <60),Provide remedial tutoring in core subjects. Assign peer study group.
STU1513,Female,18,97.45919744096702,4.682832408949086,53.85592425526109,Bachelor's,High,94,Weak academic foundation (Previous grade <60),Provide remedial tutoring in core subjects. Assign peer study group.
STU1905,Male,17,93.11068225382157,4.021565841537169,56.839162049452725,Bachelor's,Medium,94,Weak academic foundation (Previous grade <60),Provide remedial tutoring in core subjects. Assign peer study group.
STU1704,Male,16,95.5069847762293,5.382874734020721,54.00158832884979,High School,High,94,Weak academic foundation (Previous grade <60),Provide remedial tutoring in core subjects. Assign peer study group.
STU1847,Male,15,77.42163296562259,6.220868923650035,66.00192483118003,Associate's,Medium,94,Borderline attendance (75%-85%),Counselor check-in to identify attendance obstacles. Attendance target set.
STU1749,Female,17,100.0,5.328490974632184,61.63851315373928,Associate's,Medium,94,None identified,Maintain current study routines. Continue participation in extra-curricular activities.
STU1303,Female,15,81.85520083598644,3.748352439938134,100.0,High School,Medium,94,Borderline attendance (75%-85%),Counselor check-in to identify attendance obstacles. Attendance target set.
STU1759,Female,15,96.36347517960236,6.32039680840921,51.23392669657092,High School,High,94,Weak academic foundation (Previous grade <60),Provide remedial tutoring in core subjects. Assign peer study group.
STU1423,Male,15,90.62053772606318,5.883406521291514,61.42422405212707,Associate's,Medium,94,None identified,Maintain current study routines. Continue participation in extra-curricular activities.
STU1349,Male,18,92.79828835308828,5.228037872404461,58.59760833680466,High School,Medium,94,Weak academic foundation (Previous grade <60),Provide remedial tutoring in core subjects. Assign peer study group.
STU1437,Male,16,94.65155410874334,4.344010053865869,45.097243742702055,Bachelor's,High,94,Weak academic foundation (Previous grade <60),Provide remedial tutoring in core subjects. Assign peer study group.
STU1025,Male,18,96.1028898126188,6.200549684970202,55.45950633215175,High School,Medium,94,Weak academic foundation (Previous grade <60),Provide remedial tutoring in core subjects. Assign peer study group.
STU1606,Male,16,82.90680671270184,7.007000194095691,64.66958666151439,High School,Medium,94,Borderline attendance (75%-85%),Counselor check-in to identify attendance obstacles. Attendance target set.
STU1806,Female,17,95.58351728317685,5.913090207401005,49.08634778518492,Associate's,High,94,Weak academic foundation (Previous grade <60),Provide remedial tutoring in core subjects. Assign peer study group.
STU1380,Male,16,88.10704796210206,4.943532070912168,63.07540697646603,Bachelor's,Medium,94,None identified,Maintain current study routines. Continue participation in extra-curricular activities.
STU1151,Female,17,80.01748117556295,3.781032319244773,86.96862350369595,Associate's,Medium,94,Borderline attendance (75%-85%),Counselor check-in to identify attendance obstacles. Attendance target set.
STU1402,Female,15,96.85238271231904,5.8831026195232585,62.571597349459886,Bachelor's,Medium,95,None identified,Maintain current study routines. Continue participation in extra-curricular activities.
STU1483,Male,16,82.3224257762287,6.506613677855181,78.45020552367771,Bachelor's,Medium,95,Borderline attendance (75%-85%),Counselor check-in to identify attendance obstacles. Attendance target set.
STU1481,Female,17,84.10236662399619,5.361437510524167,60.65134094977833,Bachelor's,Medium,95,Borderline attendance (75%-85%),Counselor check-in to identify attendance obstacles. Attendance target set.
STU1189,Female,16,92.66238679119203,7.060587422133198,58.78219491627652,High School,Medium,95,Weak academic foundation (Previous grade <60),Provide remedial tutoring in core subjects. Assign peer study group.
STU1634,Female,17,92.76603503261174,5.903510619069054,57.076979066313584,Bachelor's,Medium,95,Weak academic foundation (Previous grade <60),Provide remedial tutoring in core subjects. Assign peer study group.
STU1147,Female,17,83.96970149920278,5.7957933487311415,60.99356783842036,Associate's,Medium,95,Borderline attendance (75%-85%),Counselor check-in to identify attendance obstacles. Attendance target set.
STU1733,Female,16,94.7078144773235,4.766212406724521,62.26135747828483,High School,Medium,95,None identified,Maintain current study routines. Continue participation in extra-curricular activities.
STU1210,Male,18,92.55671906135294,8.165055538409657,62.89822081050228,High School,Medium,95,None identified,Maintain current study routines. Continue participation in extra-curricular activities.
STU1110,Male,15,79.59663707774777,4.424661203945103,86.11788525162038,Bachelor's,Medium,95,Borderline attendance (75%-85%),Counselor check-in to identify attendance obstacles. Attendance target set.
STU1878,Female,16,91.13014602394664,4.371762017612855,64.75216968940948,Associate's,Medium,95,None identified,Maintain current study routines. Continue participation in extra-curricular activities.
STU1452,Female,17,91.29476554211364,5.728594801302185,55.13661735294133,Associate's,Medium,95,Weak academic foundation (Previous grade <60),Provide remedial tutoring in core subjects. Assign peer study group.
STU1640,Male,18,93.6542731486604,6.90728127077767,47.63228915128676,Associate's,High,95,Weak academic foundation (Previous grade <60),Provide remedial tutoring in core subjects. Assign peer study group.
STU1945,Male,17,94.32380451951389,6.629235094874492,61.75587110054475,High School,Medium,95,None identified,Maintain current study routines. Continue participation in extra-curricular activities.
STU1382,Female,16,96.18946963055714,6.038743919427526,56.466079741703865,High School,Medium,96,Weak academic foundation (Previous grade <60),Provide remedial tutoring in core subjects. Assign peer study group.
STU1983,Male,16,97.82729591851016,6.562404429580622,59.88054956788608,High School,Medium,96,Weak academic foundation (Previous grade <60),Provide remedial tutoring in core subjects. Assign peer study group.
STU1143,Female,17,92.14326536709105,7.530903047687329,48.8205122738775,Associate's,High,96,Weak academic foundation (Previous grade <60),Provide remedial tutoring in core subjects. Assign peer study group.
STU1486,Female,16,84.21631518493135,6.354551539120056,66.40134037407697,High School,Medium,96,Borderline attendance (75%-85%),Counselor check-in to identify attendance obstacles. Attendance target set.
STU1598,Male,15,97.08336004273193,6.875287824796381,54.12562375943644,High School,High,96,Weak academic foundation (Previous grade <60),Provide remedial tutoring in core subjects. Assign peer study group.
STU1039,Female,15,87.78913040422202,6.835166891670598,61.92370007566503,High School,Medium,96,None identified,Maintain current study routines. Continue participation in extra-curricular activities.
STU1819,Male,17,96.79451331954688,5.227712216858292,56.11661521813153,Master's,Medium,96,Weak academic foundation (Previous grade <60),Provide remedial tutoring in core subjects. Assign peer study group.
STU1870,Female,17,97.79668656240776,7.156819360310958,63.760089489920176,High School,Medium,96,None identified,Maintain current study routines. Continue participation in extra-curricular activities.
STU1858,Male,16,84.35700536584163,3.445312667052685,81.40867245900428,High School,Medium,96,Borderline attendance (75%-85%),Counselor check-in to identify attendance obstacles. Attendance target set.
STU1522,Male,18,77.59826866415403,4.591886826947979,78.69004585240604,Master's,Medium,96,Borderline attendance (75%-85%),Counselor check-in to identify attendance obstacles. Attendance target set.
STU1501,Female,16,96.49048420804148,6.52235983137733,58.67295169571948,Associate's,Medium,96,Weak academic foundation (Previous grade <60),Provide remedial tutoring in core subjects. Assign peer study group.
STU1432,Female,16,78.63851548872266,6.202687697616846,83.80708244693342,High School,Medium,96,Borderline attendance (75%-85%),Counselor check-in to identify attendance obstacles. Attendance target set.
STU1992,Female,15,92.31713798673496,5.979420923143898,62.41752582529487,Bachelor's,Medium,97,None identified,Maintain current study routines. Continue participation in extra-curricular activities.
STU1250,Female,17,91.80637079383376,6.878616490085099,56.58244608081837,Bachelor's,Medium,97,Weak academic foundation (Previous grade <60),Provide remedial tutoring in core subjects. Assign peer study group.
STU1846,Male,15,93.5321108296768,6.758863425571048,51.82925900704211,Bachelor's,High,97,Weak academic foundation (Previous grade <60),Provide remedial tutoring in core subjects. Assign peer study group.
STU1496,Male,17,96.04618402048332,5.651177893844898,63.7295514349796,Master's,Medium,97,None identified,Maintain current study routines. Continue participation in extra-curricular activities.
STU1965,Male,16,83.27067154494421,6.796293125155367,71.96070745133012,High School,Medium,97,Borderline attendance (75%-85%),Counselor check-in to identify attendance obstacles. Attendance target set.
STU1861,Female,17,82.11077714658185,7.445635409936941,83.61630091044701,Associate's,Medium,97,Borderline attendance (75%-85%),Counselor check-in to identify attendance obstacles. Attendance target set.
STU1442,Female,15,97.88074017149737,5.665009357911163,62.75055116351668,Associate's,Medium,97,None identified,Maintain current study routines. Continue participation in extra-curricular activities.
STU1990,Female,17,91.69422418114604,6.627882304857049,61.038898484192366,Bachelor's,Medium,97,None identified,Maintain current study routines. Continue participation in extra-curricular activities.
STU1602,Male,16,92.77788725924194,6.734137395952409,57.43955915702502,High School,Medium,97,Weak academic foundation (Previous grade <60),Provide remedial tutoring in core subjects. Assign peer study group.
STU1560,Female,18,96.244638166499,5.172857025787566,56.573945723665176,Bachelor's,Medium,97,Weak academic foundation (Previous grade <60),Provide remedial tutoring in core subjects. Assign peer study group.
STU1566,Female,16,84.81554427662253,3.2974950828938736,88.68399820238605,Bachelor's,Medium,97,Borderline attendance (75%-85%),Counselor check-in to identify attendance obstacles. Attendance target set.
STU1873,Female,16,95.334500401216,7.29481029585094,62.485636739132175,High School,Medium,97,None identified,Maintain current study routines. Continue participation in extra-curricular activities.
STU1860,Male,17,93.8411399728152,6.973071791126763,56.83343005111067,Bachelor's,Medium,97,Weak academic foundation (Previous grade <60),Provide remedial tutoring in core subjects. Assign peer study group.
STU1183,Female,17,83.18321428964023,7.34098677667946,75.63153157835778,High School,Medium,97,Borderline attendance (75%-85%),Counselor check-in to identify attendance obstacles. Attendance target set.
STU1268,Female,16,91.00432006082173,5.993840224648482,64.55119504076933,Associate's,Medium,97,None identified,Maintain current study routines. Continue participation in extra-curricular activities.
STU1445,Female,18,94.26913880760992,8.374028691842042,40.0,High School,High,98,Weak academic foundation (Previous grade <60),Provide remedial tutoring in core subjects. Assign peer study group.
STU1023,Male,18,96.56285876408514,6.722843628800003,54.15168099929109,High School,High,98,Weak academic foundation (Previous grade <60),Provide remedial tutoring in core subjects. Assign peer study group.
STU1319,Male,15,83.74627414747165,4.3421004697587335,86.99709085857548,Associate's,Medium,98,Borderline attendance (75%-85%),Counselor check-in to identify attendance obstacles. Attendance target set.
STU1979,Female,18,84.35433230821849,4.051889240771674,81.66696569436873,Associate's,Medium,98,Borderline attendance (75%-85%),Counselor check-in to identify attendance obstacles. Attendance target set.
STU1111,Male,17,83.8675836824103,7.575780334915757,62.73948375529956,High School,Medium,98,Borderline attendance (75%-85%),Counselor check-in to identify attendance obstacles. Attendance target set.
STU1973,Female,16,97.4277045989758,7.230690191688559,59.24060388275408,Bachelor's,Medium,98,Weak academic foundation (Previous grade <60),Provide remedial tutoring in core subjects. Assign peer study group.
STU1255,Male,17,84.94643521929954,7.121521176895547,69.66984315284563,Bachelor's,Medium,98,Borderline attendance (75%-85%),Counselor check-in to identify attendance obstacles. Attendance target set.
STU1463,Female,15,88.77576673855758,7.5397980061521634,51.41657739056401,Associate's,High,98,Weak academic foundation (Previous grade <60),Provide remedial tutoring in core subjects. Assign peer study group.
STU1712,Female,15,95.219674427464,5.437247469507167,64.3062403865656,Bachelor's,Medium,98,None identified,Maintain current study routines. Continue participation in extra-curricular activities.
STU1444,Male,16,84.52276622826577,10.0,61.24000206799942,High School,Medium,98,Borderline attendance (75%-85%),Counselor check-in to identify attendance obstacles. Attendance target set.
STU1454,Female,16,92.72790637419745,9.439145739734125,57.25505693097374,Associate's,Medium,98,Weak academic foundation (Previous grade <60),Provide remedial tutoring in core subjects. Assign peer study group.
STU1663,Female,18,89.2467898480642,10.0,60.371387381549,High School,Medium,98,None identified,Maintain current study routines. Continue participation in extra-curricular activities.
STU1135,Female,17,84.43161585793504,4.377076297727264,79.4359574179491,Master's,Medium,98,Borderline attendance (75%-85%),Counselor check-in to identify attendance obstacles. Attendance target set.
STU1492,Female,16,95.89762567104174,7.05491310458447,59.90406913357811,High School,Medium,99,Weak academic foundation (Previous grade <60),Provide remedial tutoring in core subjects. Assign peer study group.
STU1242,Female,17,95.92849495992604,9.083637751010212,50.75706988829417,High School,High,99,Weak academic foundation (Previous grade <60),Provide remedial tutoring in core subjects. Assign peer study group.
STU1404,Female,17,74.77699668780808,9.653530759789623,78.74686871709919,Master's,High,99,Critical low attendance (<75%),Mandatory attendance review meeting with parents. Daily attendance check-ins.
STU1777,Male,17,99.59946580729934,7.389255359348565,64.43306205220416,Associate's,Medium,99,None identified,Maintain current study routines. Continue participation in extra-curricular activities.
STU1739,Male,16,94.4521611543781,8.186704292895685,64.07966221307109,Bachelor's,Medium,99,None identified,Maintain current study routines. Continue participation in extra-curricular activities.
STU1982,Female,17,78.82043722704488,6.474892423254117,87.16624607892145,Associate's,Medium,99,Borderline attendance (75%-85%),Counselor check-in to identify attendance obstacles. Attendance target set.
STU1323,Female,18,81.07660111953899,5.593540721705172,94.70414123987636,Master's,Medium,99,Borderline attendance (75%-85%),Counselor check-in to identify attendance obstacles. Attendance target set.
STU1651,Male,15,89.98852577136111,8.470439820131448,64.00045661185626,High School,Medium,99,None identified,Maintain current study routines. Continue participation in extra-curricular activities.
STU1237,Male,18,97.8346286957596,10.0,47.75018898496863,High School,High,99,Weak academic foundation (Previous grade <60),Provide remedial tutoring in core subjects. Assign peer study group.
STU1557,Male,17,95.94521447114784,9.250173993816194,61.28469638244405,High School,Medium,99,None identified,Maintain current study routines. Continue participation in extra-curricular activities.
STU1473,Male,18,82.73442952875476,10.0,86.0203755953796,High School,Medium,99,Borderline attendance (75%-85%),Counselor check-in to identify attendance obstacles. Attendance target set.
STU1898,Female,15,83.5094199027196,9.558241553757307,68.01606649343908,High School,Medium,99,Borderline attendance (75%-85%),Counselor check-in to identify attendance obstacles. Attendance target set.
STU1476,Female,17,79.17422607906677,5.059761683615973,79.13431352361553,Associate's,Medium,99,Borderline attendance (75%-85%),Counselor check-in to identify attendance obstacles. Attendance target set.
STU1601,Male,15,88.25078596106894,8.232417714972424,43.70769727148293,Associate's,High,99,Weak academic foundation (Previous grade <60),Provide remedial tutoring in core subjects. Assign peer study group.
STU1609,Female,15,82.79195634461817,8.461255275280923,67.55924058593784,Associate's,Medium,99,Borderline attendance (75%-85%),Counselor check-in to identify attendance obstacles. Attendance target set.
STU1632,Female,16,97.82860901044045,8.775953827651325,64.31241323836845,High School,Medium,99,None identified,Maintain current study routines. Continue participation in extra-curricular activities.
STU1887,Female,15,95.9966067468582,5.408382040729289,63.73531012170872,Master's,Medium,99,None identified,Maintain current study routines. Continue participation in extra-curricular activities.
STU1783,Male,16,84.11993985298442,8.060481179642434,54.94242375412169,Associate's,High,99,Borderline attendance (75%-85%); Weak academic foundation (Previous grade <60),Counselor check-in to identify attendance obstacles. Attendance target set. | Provide remedial tutoring in core subjects. Assign peer study group.
STU1290,Female,15,83.10050332713601,10.0,81.0537083972484,Associate's,Medium,99,Borderline attendance (75%-85%),Counselor check-in to identify attendance obstacles. Attendance target set.
STU1491,Male,15,96.5515187568641,8.410566254570933,49.19412352778712,High School,High,99,Weak academic foundation (Previous grade <60),Provide remedial tutoring in core subjects. Assign peer study group.
STU1105,Female,18,92.31540412435608,9.664966451267087,62.541370743404194,Associate's,Medium,99,None identified,Maintain current study routines. Continue participation in extra-curricular activities.
STU1379,Female,16,85.13243683783969,8.68375803233881,64.7843944258592,Associate's,Medium,99,None identified,Maintain current study routines. Continue participation in extra-curricular activities.
STU1130,Female,16,88.21106581987203,8.305813747506049,56.62871040000783,Bachelor's,Medium,99,Weak academic foundation (Previous grade <60),Provide remedial tutoring in core subjects. Assign peer study group.
STU1779,Female,16,95.63942915750545,8.286230249100417,55.18164183680978,Associate's,Medium,100,Weak academic foundation (Previous grade <60),Provide remedial tutoring in core subjects. Assign peer study group.
STU1958,Male,16,84.31153383018454,10.0,64.02741250204838,Master's,Medium,100,Borderline attendance (75%-85%),Counselor check-in to identify attendance obstacles. Attendance target set.
STU1487,Male,16,97.44967192148604,10.0,44.09241986590382,Associate's,High,100,Weak academic foundation (Previous grade <60),Provide remedial tutoring in core subjects. Assign peer study group.
STU1746,Female,16,95.01947459181096,7.218280405809875,53.44466497222305,Master's,High,100,Weak academic foundation (Previous grade <60),Provide remedial tutoring in core subjects. Assign peer study group.
STU1877,Female,16,92.97303002695162,10.0,54.661232124428885,Master's,High,100,Weak academic foundation (Previous grade <60),Provide remedial tutoring in core subjects. Assign peer study group.
STU1253,Female,15,84.53152803051974,5.842766446780172,84.94462860963618,Bachelor's,Medium,100,Borderline attendance (75%-85%),Counselor check-in to identify attendance obstacles. Attendance target set.
STU1055,Female,18,97.57365167040112,10.0,40.0,High School,High,100,Weak academic foundation (Previous grade <60),Provide remedial tutoring in core subjects. Assign peer study group.
STU1390,Female,16,98.6504454542054,7.884139343557354,61.483275078302896,Bachelor's,Medium,100,None identified,Maintain current study routines. Continue participation in extra-curricular activities.
STU1238,Male,16,94.80285550495748,7.065717460360469,55.469083439224,Bachelor's,Medium,100,Weak academic foundation (Previous grade <60),Provide remedial tutoring in core subjects. Assign peer study group.
STU1868,Male,15,88.87414947507841,8.64233464971755,59.64764772013635,Master's,Medium,100,Weak academic foundation (Previous grade <60),Provide remedial tutoring in core subjects. Assign peer study group.
STU1737,Male,16,98.85196920569116,10.0,57.251784761361776,Master's,Medium,100,Weak academic foundation (Previous grade <60),Provide remedial tutoring in core subjects. Assign peer study group.
STU1862,Male,17,92.10105960534112,7.684400973308909,62.26222155618594,Associate's,Medium,100,None identified,Maintain current study routines. Continue participation in extra-curricular activities.
STU1892,Female,16,93.00738927068664,10.0,52.652283168247,Bachelor's,High,100,Weak academic foundation (Previous grade <60),Provide remedial tutoring in core subjects. Assign peer study group.
STU1068,Female,15,86.46635867071492,9.419755860252396,64.66078104956563,Bachelor's,Medium,100,None identified,Maintain current study routines. Continue participation in extra-curricular activities.
STU1533,Female,17,84.8006698811366,9.041428432420291,81.45746165632156,High School,Medium,100,Borderline attendance (75%-85%),Counselor check-in to identify attendance obstacles. Attendance target set.
